{"success":true,"code":"SUCCESS","data":{"from":1688149800000,"to":1695839400000,"transactionData":[{"name":"Merchant payments","paymentInstruments":[{"type":"TOTAL","count":310148821,"amount":1.40917418482E11}]},{"name":"Peer-to-peer payments","paymentInstruments":[{"type":"TOTAL","count":156760079,"amount":4.98555993196E11}]},{"name":"Recharge & bill payments","paymentInstruments":[{"type":"TOTAL","count":34105227,"amount":3.7490386949E10}]},{"name":"Financial Services","paymentInstruments":[{"type":"TOTAL","count":198713,"amount":3.04618547E8}]},{"name":"Others","paymentInstruments":[{"type":"TOTAL","count":306638,"amount":2.23563566E8}]}]},"responseTimestamp":1697612044296}