{"success":true,"code":"SUCCESS","data":{"from":1688149800000,"to":1695839400000,"transactionData":[{"name":"Merchant payments","paymentInstruments":[{"type":"TOTAL","count":33831979,"amount":2.003076452E10}]},{"name":"Peer-to-peer payments","paymentInstruments":[{"type":"TOTAL","count":20589029,"amount":6.2320529579E10}]},{"name":"Recharge & bill payments","paymentInstruments":[{"type":"TOTAL","count":9247909,"amount":3.508619105E9}]},{"name":"Financial Services","paymentInstruments":[{"type":"TOTAL","count":31473,"amount":6.1895606E7}]},{"name":"Others","paymentInstruments":[{"type":"TOTAL","count":203189,"amount":9.4339616E7}]}]},"responseTimestamp":1697612083449}